100-QPSK,150-8QAM,200-16QAM,200-QPSK,250-16QAM,300-8QAM,400-16QAM,400-64QAM,500-32QAM,500-64QAM,600-64QAM,B.P%,Distance,Network Occupancy%,cost_without regen,spectrum
0,0,0,0,0,0,0,18,0,14,62,0,20,17.34,2092.8,17475
0,0,0,0,0,0,0,18,0,14,62,0,40,17.34,2092.8,17475
0,0,0,0,0,0,0,18,0,14,62,0,60,17.34,2092.8,17475
0,0,5,0,0,0,9,3,75,3,11,0,80,20.62,2328.8,20787.5
0,0,8,0,22,0,92,0,15,0,0,0,100,24.21,2606.8,24400
11,0,1,121,6,56,19,0,0,0,0,0,120,39.17,3860.4,39487.5
,100-QPSK,150-8QAM,200-16QAM,200-QPSK,250-16QAM,300-8QAM,400-16QAM,400-64QAM,500-32QAM,500-64QAM,600-64QAM,B.P%,Distance,Network Occupancy%,cost_without regen,spectrum
0,0,0,0,0,0,0,0,18,0,14,62,0.0,20,17.34,2092.8,17475.0
,100-QPSK,150-8QAM,200-16QAM,200-QPSK,250-16QAM,300-8QAM,400-16QAM,400-64QAM,500-32QAM,500-64QAM,600-64QAM,B.P%,Distance,Network Occupancy%,cost_without regen,spectrum
0,11,0,1,121,6,56,19,0,0,0,0,0.0,120,39.17,3860.4,39487.5
,100-QPSK,150-8QAM,200-16QAM,200-QPSK,250-16QAM,300-8QAM,400-16QAM,400-64QAM,500-32QAM,500-64QAM,600-64QAM,B.P%,Distance,Network Occupancy%,cost_without regen,spectrum
0,11,0,1,121,8,56,21,0,0,0,0,0.0,120,39.45,3899.2,39762.5
,100-QPSK,150-8QAM,200-16QAM,200-QPSK,250-16QAM,300-8QAM,400-16QAM,400-64QAM,500-32QAM,500-64QAM,600-64QAM,B.P%,Distance,Network Occupancy%,cost_without regen,spectrum
0,2,0,0,34,0,0,0,0,0,0,0,0.0,120,7.92,731.4,7987.5
,100-QPSK,150-8QAM,200-16QAM,200-QPSK,250-16QAM,300-8QAM,400-16QAM,400-64QAM,500-32QAM,500-64QAM,600-64QAM,B.P%,Distance,Network Occupancy%,cost_without regen,spectrum
0,2,0,0,34,0,0,0,0,0,0,0,0.0,120,7.92,731.4,7987.5
,100-QPSK,150-8QAM,200-16QAM,200-QPSK,250-16QAM,300-8QAM,400-16QAM,400-64QAM,500-32QAM,500-64QAM,600-64QAM,B.P%,Distance,Network Occupancy%,cost_without regen,spectrum
0,2,0,0,34,0,0,0,0,0,0,0,0.0,120,7.92,731.4,7987.5
,100-QPSK,150-8QAM,200-16QAM,200-QPSK,250-16QAM,300-8QAM,400-16QAM,400-64QAM,500-32QAM,500-64QAM,600-64QAM,B.P%,Distance,Network Occupancy%,cost_without regen,spectrum
0,2,0,0,34,0,0,0,0,0,0,0,0.0,120,7.92,731.4,7987.5
,100-QPSK,150-8QAM,200-16QAM,200-QPSK,250-16QAM,300-8QAM,400-16QAM,400-64QAM,500-32QAM,500-64QAM,600-64QAM,B.P%,Distance,Network Occupancy%,cost_without regen,spectrum
0,2,0,0,34,0,0,0,0,0,0,0,0.0,120,7.92,731.4,7987.5
,100-QPSK,150-8QAM,200-16QAM,200-QPSK,250-16QAM,300-8QAM,400-16QAM,400-64QAM,500-32QAM,500-64QAM,600-64QAM,B.P%,Distance,Network Occupancy%,cost_without regen,spectrum
0,2,0,0,34,0,0,0,0,0,0,0,0.0,120,7.92,731.4,7987.5
,100-QPSK,150-8QAM,200-16QAM,200-QPSK,250-16QAM,300-8QAM,400-16QAM,400-64QAM,500-32QAM,500-64QAM,600-64QAM,B.P%,Distance,Network Occupancy%,cost_without regen,spectrum
0,2,0,0,34,0,0,0,0,0,0,0,0.0,120,7.92,731.4,7987.5
,100-QPSK,150-8QAM,200-16QAM,200-QPSK,250-16QAM,300-8QAM,400-16QAM,400-64QAM,500-32QAM,500-64QAM,600-64QAM,B.P%,Distance,Network Occupancy%,cost_without regen,spectrum
0,2,0,0,1,0,22,0,0,0,0,0,0.0,120,3.79,409.4,3825.0
,100-QPSK,150-8QAM,200-16QAM,200-QPSK,250-16QAM,300-8QAM,400-16QAM,400-64QAM,500-32QAM,500-64QAM,600-64QAM,B.P%,Distance,Network Occupancy%,cost_without regen,spectrum
0,0,0,2,0,4,0,14,0,0,0,0,0.0,100,2.9,323.6,2925.0
,100-QPSK,150-8QAM,200-16QAM,200-QPSK,250-16QAM,300-8QAM,400-16QAM,400-64QAM,500-32QAM,500-64QAM,600-64QAM,B.P%,Distance,Network Occupancy%,cost_without regen,spectrum
0,0,0,0,0,2,0,5,0,0,0,0,0.0,100,1.04,115.8,1050.0
,100-QPSK,150-8QAM,200-16QAM,200-QPSK,250-16QAM,300-8QAM,400-16QAM,400-64QAM,500-32QAM,500-64QAM,600-64QAM,B.P%,Distance,Network Occupancy%,cost_without regen,spectrum
0,0,0,17,0,0,0,0,85,0,38,37,0.0,60,26.7,3242.0,26912.5
,100-QPSK,150-8QAM,200-16QAM,200-QPSK,250-16QAM,300-8QAM,400-16QAM,400-64QAM,500-32QAM,500-64QAM,600-64QAM,B.P%,Distance,Network Occupancy%,cost_without regen,spectrum
0,0,0,17,0,0,0,0,85,0,38,37,0.0,60,26.7,3242.0,26912.5
,100-QPSK,150-8QAM,200-16QAM,200-QPSK,250-16QAM,300-8QAM,400-16QAM,400-64QAM,500-32QAM,500-64QAM,600-64QAM,B.P%,Distance,Network Occupancy%,cost_without regen,spectrum
0,0,0,17,0,0,0,0,85,0,38,37,0.0,60,26.7,3242.0,26912.5
,100-QPSK,150-8QAM,200-16QAM,200-QPSK,250-16QAM,300-8QAM,400-16QAM,400-64QAM,500-32QAM,500-64QAM,600-64QAM,B.P%,Distance,Network Occupancy%,cost_without regen,spectrum
0,0,0,17,0,0,0,0,85,0,38,37,0.0,60,26.7,3242.0,26912.5
,100-QPSK,150-8QAM,200-16QAM,200-QPSK,250-16QAM,300-8QAM,400-16QAM,400-64QAM,500-32QAM,500-64QAM,600-64QAM,B.P%,Distance,Network Occupancy%,cost_without regen,spectrum
0,0,0,17,0,0,0,0,85,0,38,37,0.0,60,26.7,3242.0,26912.5
,100-QPSK,150-8QAM,200-16QAM,200-QPSK,250-16QAM,300-8QAM,400-16QAM,400-64QAM,500-32QAM,500-64QAM,600-64QAM,B.P%,Distance,Network Occupancy%,cost_without regen,spectrum
0,0,0,17,0,0,0,0,85,0,38,37,0.0,60,26.7,3242.0,26912.5
,100-QPSK,150-8QAM,200-16QAM,200-QPSK,250-16QAM,300-8QAM,400-16QAM,400-64QAM,500-32QAM,500-64QAM,600-64QAM,B.P%,Distance,Network Occupancy%,cost_without regen,spectrum
0,0,0,17,0,0,0,0,85,0,38,37,0.0,60,26.7,3242.0,26912.5
,100-QPSK,150-8QAM,200-16QAM,200-QPSK,250-16QAM,300-8QAM,400-16QAM,400-64QAM,500-32QAM,500-64QAM,600-64QAM,B.P%,Distance,Network Occupancy%,cost_without regen,spectrum
0,0,0,17,0,0,0,0,85,0,38,37,0.0,60,26.7,3242.0,26912.5
,100-QPSK,150-8QAM,200-16QAM,200-QPSK,250-16QAM,300-8QAM,400-16QAM,400-64QAM,500-32QAM,500-64QAM,600-64QAM,B.P%,Distance,Network Occupancy%,cost_without regen,spectrum
0,0,0,17,0,0,0,0,85,0,38,37,0.0,60,26.7,3242.0,26912.5
,100-QPSK,150-8QAM,200-16QAM,200-QPSK,250-16QAM,300-8QAM,400-16QAM,400-64QAM,500-32QAM,500-64QAM,600-64QAM,B.P%,Distance,Network Occupancy%,cost_without regen,spectrum
0,0,0,17,0,0,0,0,85,0,38,37,0.0,60,26.7,3242.0,26912.5
,100-QPSK,150-8QAM,200-16QAM,200-QPSK,250-16QAM,300-8QAM,400-16QAM,400-64QAM,500-32QAM,500-64QAM,600-64QAM,B.P%,Distance,Network Occupancy%,cost_without regen,spectrum
0,0,0,17,0,0,0,0,85,0,38,37,0.0,60,26.7,3242.0,26912.5
,100-QPSK,150-8QAM,200-16QAM,200-QPSK,250-16QAM,300-8QAM,400-16QAM,400-64QAM,500-32QAM,500-64QAM,600-64QAM,B.P%,Distance,Network Occupancy%,cost_without regen,spectrum
0,0,0,17,0,0,0,0,85,0,38,37,0.0,60,26.7,3242.0,26912.5
,100-QPSK,150-8QAM,200-16QAM,200-QPSK,250-16QAM,300-8QAM,400-16QAM,400-64QAM,500-32QAM,500-64QAM,600-64QAM,B.P%,Distance,Network Occupancy%,cost_without regen,spectrum
0,0,0,17,0,0,0,0,85,0,38,37,0.0,60,26.7,3242.0,26912.5
,100-QPSK,150-8QAM,200-16QAM,200-QPSK,250-16QAM,300-8QAM,400-16QAM,400-64QAM,500-32QAM,500-64QAM,600-64QAM,B.P%,Distance,Network Occupancy%,cost_without regen,spectrum
0,0,0,17,0,0,0,0,85,0,38,37,0.0,60,26.7,3242.0,26912.5
,100-QPSK,150-8QAM,200-16QAM,200-QPSK,250-16QAM,300-8QAM,400-16QAM,400-64QAM,500-32QAM,500-64QAM,600-64QAM,B.P%,Distance,Network Occupancy%,cost_without regen,spectrum
0,0,0,17,0,0,0,0,85,0,38,37,0.0,60,26.7,3242.0,26912.5
,100-QPSK,150-8QAM,200-16QAM,200-QPSK,250-16QAM,300-8QAM,400-16QAM,400-64QAM,500-32QAM,500-64QAM,600-64QAM,B.P%,Distance,Network Occupancy%,cost_without regen,spectrum
0,0,0,17,0,0,0,0,85,0,38,37,0.0,60,26.7,3242.0,26912.5
,100-QPSK,150-8QAM,200-16QAM,200-QPSK,250-16QAM,300-8QAM,400-16QAM,400-64QAM,500-32QAM,500-64QAM,600-64QAM,B.P%,Distance,Network Occupancy%,cost_without regen,spectrum
0,0,0,17,0,0,0,0,85,0,38,37,0.0,60,26.7,3242.0,26912.5
,100-QPSK,150-8QAM,200-16QAM,200-QPSK,250-16QAM,300-8QAM,400-16QAM,400-64QAM,500-32QAM,500-64QAM,600-64QAM,B.P%,Distance,Network Occupancy%,cost_without regen,spectrum
0,0,0,17,0,0,0,0,85,0,38,37,0.0,60,26.7,3242.0,26912.5
,100-QPSK,150-8QAM,200-16QAM,200-QPSK,250-16QAM,300-8QAM,400-16QAM,400-64QAM,500-32QAM,500-64QAM,600-64QAM,B.P%,Distance,Network Occupancy%,cost_without regen,spectrum
0,0,0,17,0,0,0,0,85,0,38,37,0.0,60,26.7,3242.0,26912.5
,100-QPSK,150-8QAM,200-16QAM,200-QPSK,250-16QAM,300-8QAM,400-16QAM,400-64QAM,500-32QAM,500-64QAM,600-64QAM,B.P%,Distance,Network Occupancy%,cost_without regen,spectrum
0,0,0,17,0,0,0,0,85,0,38,37,0.0,60,26.7,3242.0,26912.5
