,100-QPSK,150-8QAM,200-16QAM,200-QPSK,250-16QAM,300-8QAM,400-16QAM,400-64QAM,500-32QAM,500-64QAM,600-64QAM,B.P%,Distance,Network Occupancy%,cost_without regen,spectrum
0,8,0,1,144,4,0,21,0,0,0,0,23.81,120,17.73,3372,35750
,100-QPSK,150-8QAM,200-16QAM,200-QPSK,250-16QAM,300-8QAM,400-16QAM,400-64QAM,500-32QAM,500-64QAM,600-64QAM,B.P%,Distance,Network Occupancy%,cost_without regen,spectrum
0,7,0,1,119,4,0,21,0,0,0,0,0,120,14.85,2840,29937.5
,100-QPSK,150-8QAM,200-16QAM,200-QPSK,250-16QAM,300-8QAM,400-16QAM,400-64QAM,500-32QAM,500-64QAM,600-64QAM,B.P%,Distance,Network Occupancy%,cost_without regen,spectrum
0,22,0,10,381,28,195,163,0,0,0,0,83.4,120,70.64,14225.8,142412.5
,100-QPSK,150-8QAM,200-16QAM,200-QPSK,250-16QAM,300-8QAM,400-16QAM,400-64QAM,500-32QAM,500-64QAM,600-64QAM,B.P%,Distance,Network Occupancy%,cost_without regen,spectrum
0,22,0,10,381,28,195,163,0,0,0,0,83.4,120,70.64,14225.8,142412.5
,100-QPSK,150-8QAM,200-16QAM,200-QPSK,250-16QAM,300-8QAM,400-16QAM,400-64QAM,500-32QAM,500-64QAM,600-64QAM,B.P%,Distance,Network Occupancy%,cost_without regen,spectrum
0,12,0,10,120,28,123,163,0,0,0,0,0,120,31.4,6881.4,63300
,100-QPSK,150-8QAM,200-16QAM,200-QPSK,250-16QAM,300-8QAM,400-16QAM,400-64QAM,500-32QAM,500-64QAM,600-64QAM,B.P%,Distance,Network Occupancy%,cost_without regen,spectrum
0,0,0,0,0,0,0,0,54,0,29,167,0,20,16.32,4473.4,32900
,100-QPSK,150-8QAM,200-16QAM,200-QPSK,250-16QAM,300-8QAM,400-16QAM,400-64QAM,500-32QAM,500-64QAM,600-64QAM,B.P%,Distance,Network Occupancy%,cost_without regen,spectrum
0,0,0,0,0,0,0,0,54,0,29,167,0,40,16.32,4473.4,32900
,100-QPSK,150-8QAM,200-16QAM,200-QPSK,250-16QAM,300-8QAM,400-16QAM,400-64QAM,500-32QAM,500-64QAM,600-64QAM,B.P%,Distance,Network Occupancy%,cost_without regen,spectrum
0,0,0,0,0,0,0,0,54,0,29,167,0,60,16.32,4473.4,32900
,100-QPSK,150-8QAM,200-16QAM,200-QPSK,250-16QAM,300-8QAM,400-16QAM,400-64QAM,500-32QAM,500-64QAM,600-64QAM,B.P%,Distance,Network Occupancy%,cost_without regen,spectrum
0,0,0,14,0,0,0,17,24,105,14,96,0,80,18.64,4805.4,37575
,100-QPSK,150-8QAM,200-16QAM,200-QPSK,250-16QAM,300-8QAM,400-16QAM,400-64QAM,500-32QAM,500-64QAM,600-64QAM,B.P%,Distance,Network Occupancy%,cost_without regen,spectrum
0,0,0,24,0,30,0,160,0,120,0,0,0,100,21.94,5280,44225
,100-QPSK,150-8QAM,200-16QAM,200-QPSK,250-16QAM,300-8QAM,400-16QAM,400-64QAM,500-32QAM,500-64QAM,600-64QAM,B.P%,Distance,Network Occupancy%,cost_without regen,spectrum
0,12,0,10,120,28,123,163,0,0,0,0,0,120,31.4,6881.4,63300
,100-QPSK,150-8QAM,200-16QAM,200-QPSK,250-16QAM,300-8QAM,400-16QAM,400-64QAM,500-32QAM,500-64QAM,600-64QAM,B.P%,Distance,Network Occupancy%,cost_without regen,spectrum
0,0,0,0,0,0,0,0,53,0,41,257,0,20,34.6,8220.8,69762.5
0,0,0,0,0,0,0,0,53,0,41,257,0,40,34.6,8220.8,69762.5
0,0,0,11,0,0,0,27,34,131,24,153,0,60,40.17,9067.8,80987.5
0,0,0,15,0,30,0,163,28,49,15,116,3.9,80,43.19,9430.4,87062.5
0,4,0,16,7,18,181,98,0,141,0,0,11.69,100,47.06,9914.2,94875
0,13,0,8,289,26,8,158,0,0,0,0,32.47,120,49.1,9634,98987.5
,100-QPSK,150-8QAM,200-16QAM,200-QPSK,250-16QAM,300-8QAM,400-16QAM,400-64QAM,500-32QAM,500-64QAM,600-64QAM,B.P%,Distance,Network Occupancy%,cost_without regen,spectrum
0,0,0,0,0,0,0,0,58,0,47,290,4.44,20,40.13,9445.8,80900
,100-QPSK,150-8QAM,200-16QAM,200-QPSK,250-16QAM,300-8QAM,400-16QAM,400-64QAM,500-32QAM,500-64QAM,600-64QAM,B.P%,Distance,Network Occupancy%,cost_without regen,spectrum
0,0,0,0,0,0,0,0,58,0,47,290,4.44,40,40.13,9445.8,80900
,100-QPSK,150-8QAM,200-16QAM,200-QPSK,250-16QAM,300-8QAM,400-16QAM,400-64QAM,500-32QAM,500-64QAM,600-64QAM,B.P%,Distance,Network Occupancy%,cost_without regen,spectrum
0,0,0,12,0,0,0,29,39,146,29,177,3.33,60,46.59,10466.8,93925
,100-QPSK,150-8QAM,200-16QAM,200-QPSK,250-16QAM,300-8QAM,400-16QAM,400-64QAM,500-32QAM,500-64QAM,600-64QAM,B.P%,Distance,Network Occupancy%,cost_without regen,spectrum
0,0,0,16,0,32,0,178,32,59,16,125,10,80,47.9,10440.6,96562.5
,100-QPSK,150-8QAM,200-16QAM,200-QPSK,250-16QAM,300-8QAM,400-16QAM,400-64QAM,500-32QAM,500-64QAM,600-64QAM,B.P%,Distance,Network Occupancy%,cost_without regen,spectrum
0,4,0,14,8,14,200,96,0,129,0,0,25.56,100,48.29,10092,97350
,100-QPSK,150-8QAM,200-16QAM,200-QPSK,250-16QAM,300-8QAM,400-16QAM,400-64QAM,500-32QAM,500-64QAM,600-64QAM,B.P%,Distance,Network Occupancy%,cost_without regen,spectrum
0,11,0,7,255,26,41,146,0,0,0,0,43.33,120,48.25,9486.8,97275
,100-QPSK,150-8QAM,200-16QAM,200-QPSK,250-16QAM,300-8QAM,400-16QAM,400-64QAM,500-32QAM,500-64QAM,600-64QAM,B.P%,Distance,Network Occupancy%,cost_without regen,spectrum
0,0,0,0,0,0,0,0,58,0,47,290,4.44,20,40.13,9445.8,80900
0,0,0,0,0,0,0,0,58,0,47,290,4.44,40,40.13,9445.8,80900
0,0,0,12,0,0,0,29,39,146,29,177,3.33,60,46.59,10466.8,93925
0,0,0,16,0,32,0,178,32,59,16,125,10,80,47.9,10440.6,96562.5
0,4,0,14,8,14,200,96,0,129,0,0,25.56,100,48.29,10092,97350
0,11,0,7,255,26,41,146,0,0,0,0,43.33,120,48.25,9486.8,97275
,100-QPSK,150-8QAM,200-16QAM,200-QPSK,250-16QAM,300-8QAM,400-16QAM,400-64QAM,500-32QAM,500-64QAM,600-64QAM,B.P%,Distance,Network Occupancy%,cost_without regen,spectrum
0,12,0,10,120,28,123,163,0,0,0,0,0.0,120,31.4,6881.4,63300.0
,100-QPSK,150-8QAM,200-16QAM,200-QPSK,250-16QAM,300-8QAM,400-16QAM,400-64QAM,500-32QAM,500-64QAM,600-64QAM,B.P%,Distance,Network Occupancy%,cost_without regen,spectrum
0,12,0,10,120,28,123,163,0,0,0,0,0.0,120,31.4,6881.4,63300.0
,100-QPSK,150-8QAM,200-16QAM,200-QPSK,250-16QAM,300-8QAM,400-16QAM,400-64QAM,500-32QAM,500-64QAM,600-64QAM,B.P%,Distance,Network Occupancy%,cost_without regen,spectrum
0,0,0,13,0,0,0,24,34,159,20,144,21.0,60,54.15,11392.0,109162.5
,100-QPSK,150-8QAM,200-16QAM,200-QPSK,250-16QAM,300-8QAM,400-16QAM,400-64QAM,500-32QAM,500-64QAM,600-64QAM,B.P%,Distance,Network Occupancy%,cost_without regen,spectrum
0,0,0,6,0,4,0,34,30,72,10,81,10.0,60,37.73,7633.4,76062.5
,100-QPSK,150-8QAM,200-16QAM,200-QPSK,250-16QAM,300-8QAM,400-16QAM,400-64QAM,500-32QAM,500-64QAM,600-64QAM,B.P%,Distance,Network Occupancy%,cost_without regen,spectrum
0,0,0,8,0,0,0,9,24,75,11,104,6.0,60,31.55,6681.4,63612.5
,100-QPSK,150-8QAM,200-16QAM,200-QPSK,250-16QAM,300-8QAM,400-16QAM,400-64QAM,500-32QAM,500-64QAM,600-64QAM,B.P%,Distance,Network Occupancy%,cost_without regen,spectrum
0,0,0,23,0,0,0,22,24,5,10,8,0.0,60,9.77,2054.4,19687.5
,100-QPSK,150-8QAM,200-16QAM,200-QPSK,250-16QAM,300-8QAM,400-16QAM,400-64QAM,500-32QAM,500-64QAM,600-64QAM,B.P%,Distance,Network Occupancy%,cost_without regen,spectrum
0,0,0,23,0,0,0,22,24,5,10,8,0.0,60,9.77,2054.4,19687.5
,100-QPSK,150-8QAM,200-16QAM,200-QPSK,250-16QAM,300-8QAM,400-16QAM,400-64QAM,500-32QAM,500-64QAM,600-64QAM,B.P%,Distance,Network Occupancy%,cost_without regen,spectrum
0,0,0,23,0,0,0,22,24,5,10,8,0.0,60,9.77,2054.4,19687.5
,100-QPSK,150-8QAM,200-16QAM,200-QPSK,250-16QAM,300-8QAM,400-16QAM,400-64QAM,500-32QAM,500-64QAM,600-64QAM,B.P%,Distance,Network Occupancy%,cost_without regen,spectrum
0,0,0,23,0,0,0,22,24,5,10,8,0.0,60,9.77,2054.4,19687.5
,100-QPSK,150-8QAM,200-16QAM,200-QPSK,250-16QAM,300-8QAM,400-16QAM,400-64QAM,500-32QAM,500-64QAM,600-64QAM,B.P%,Distance,Network Occupancy%,cost_without regen,spectrum
0,0,0,23,0,0,0,22,24,5,10,8,0.0,60,9.77,2054.4,19687.5
,100-QPSK,150-8QAM,200-16QAM,200-QPSK,250-16QAM,300-8QAM,400-16QAM,400-64QAM,500-32QAM,500-64QAM,600-64QAM,B.P%,Distance,Network Occupancy%,cost_without regen,spectrum
0,0,0,23,0,0,0,22,24,5,10,8,0.0,60,9.77,2054.4,19687.5
,100-QPSK,150-8QAM,200-16QAM,200-QPSK,250-16QAM,300-8QAM,400-16QAM,400-64QAM,500-32QAM,500-64QAM,600-64QAM,B.P%,Distance,Network Occupancy%,cost_without regen,spectrum
0,0,0,23,0,0,0,22,24,5,10,8,0.0,60,9.77,2054.4,19687.5
,100-QPSK,150-8QAM,200-16QAM,200-QPSK,250-16QAM,300-8QAM,400-16QAM,400-64QAM,500-32QAM,500-64QAM,600-64QAM,B.P%,Distance,Network Occupancy%,cost_without regen,spectrum
0,0,0,23,0,0,0,22,24,5,10,8,0.0,60,9.77,2054.4,19687.5
