,100-QPSK,150-8QAM,200-16QAM,200-QPSK,250-16QAM,300-8QAM,400-16QAM,400-64QAM,500-32QAM,500-64QAM,600-64QAM,B.P%,Distance,Network Occupancy%,cost_without regen,spectrum
0,0,0,0,0,0,0,0,27,0,14,134,0,20,12.82,4077.2,34450
0,0,0,4,0,0,0,8,21,39,9,103,0,40,14.28,4377.2,38387.5
0,0,0,4,0,0,0,8,21,39,9,103,0,60,14.28,4377.2,38387.5
0,0,0,5,0,10,0,63,12,51,4,62,0,80,16.36,4799.6,43975
0,1,0,10,3,10,76,83,0,74,0,0,0,100,20.41,5684.8,54850
0,238,0,10,56,8,64,100,0,0,0,0,0,120,28.42,7571.4,76387.5
,100-QPSK,150-8QAM,200-16QAM,200-QPSK,250-16QAM,300-8QAM,400-16QAM,400-64QAM,500-32QAM,500-64QAM,600-64QAM,B.P%,Distance,Network Occupancy%,cost_without regen,spectrum
0,0,0,0,0,0,0,2,161,8,104,618,61.0,20,73.33,22403.8,197112.5
,100-QPSK,150-8QAM,200-16QAM,200-QPSK,250-16QAM,300-8QAM,400-16QAM,400-64QAM,500-32QAM,500-64QAM,600-64QAM,B.P%,Distance,Network Occupancy%,cost_without regen,spectrum
0,0,0,7,0,0,0,16,72,99,47,285,1.79,40,39.6,12261.8,106437.5
,100-QPSK,150-8QAM,200-16QAM,200-QPSK,250-16QAM,300-8QAM,400-16QAM,400-64QAM,500-32QAM,500-64QAM,600-64QAM,B.P%,Distance,Network Occupancy%,cost_without regen,spectrum
0,0,0,7,0,0,0,16,70,99,46,279,0.0,60,38.79,12021.6,104262.5
,100-QPSK,150-8QAM,200-16QAM,200-QPSK,250-16QAM,300-8QAM,400-16QAM,400-64QAM,500-32QAM,500-64QAM,600-64QAM,B.P%,Distance,Network Occupancy%,cost_without regen,spectrum
0,0,0,27,0,14,0,152,20,232,12,106,4.63,80,42.18,12487.4,113375.0
,100-QPSK,150-8QAM,200-16QAM,200-QPSK,250-16QAM,300-8QAM,400-16QAM,400-64QAM,500-32QAM,500-64QAM,600-64QAM,B.P%,Distance,Network Occupancy%,cost_without regen,spectrum
0,4,0,38,4,54,134,290,0,130,0,0,1.04,100,45.35,12939.6,121900.0
,100-QPSK,150-8QAM,200-16QAM,200-QPSK,250-16QAM,300-8QAM,400-16QAM,400-64QAM,500-32QAM,500-64QAM,600-64QAM,B.P%,Distance,Network Occupancy%,cost_without regen,spectrum
0,270,0,14,64,24,309,152,0,0,0,0,9.2,120,49.14,13515.6,132075.0
,100-QPSK,150-8QAM,200-16QAM,200-QPSK,250-16QAM,300-8QAM,400-16QAM,400-64QAM,500-32QAM,500-64QAM,600-64QAM,B.P%,Distance,Network Occupancy%,cost_without regen,spectrum
0,0,0,0,0,0,0,2,161,8,104,618,61.0,20,73.33,22403.8,197112.5
,100-QPSK,150-8QAM,200-16QAM,200-QPSK,250-16QAM,300-8QAM,400-16QAM,400-64QAM,500-32QAM,500-64QAM,600-64QAM,B.P%,Distance,Network Occupancy%,cost_without regen,spectrum
0,373,0,9,94,22,319,122,0,0,0,0,26.79,120,59.77,15957.8,160650.0
,100-QPSK,150-8QAM,200-16QAM,200-QPSK,250-16QAM,300-8QAM,400-16QAM,400-64QAM,500-32QAM,500-64QAM,600-64QAM,B.P%,Distance,Network Occupancy%,cost_without regen,spectrum
0,119,0,9,8,22,286,122,0,0,0,0,0.0,120,29.68,8612.0,79787.5
,100-QPSK,150-8QAM,200-16QAM,200-QPSK,250-16QAM,300-8QAM,400-16QAM,400-64QAM,500-32QAM,500-64QAM,600-64QAM,B.P%,Distance,Network Occupancy%,cost_without regen,spectrum
0,0,0,21,0,0,0,23,20,10,4,11,0.0,60,9.22,2452.0,24775.0
,100-QPSK,150-8QAM,200-16QAM,200-QPSK,250-16QAM,300-8QAM,400-16QAM,400-64QAM,500-32QAM,500-64QAM,600-64QAM,B.P%,Distance,Network Occupancy%,cost_without regen,spectrum
0,0,0,21,0,0,0,23,20,10,4,11,0.0,60,9.22,2452.0,24775.0
,100-QPSK,150-8QAM,200-16QAM,200-QPSK,250-16QAM,300-8QAM,400-16QAM,400-64QAM,500-32QAM,500-64QAM,600-64QAM,B.P%,Distance,Network Occupancy%,cost_without regen,spectrum
0,0,0,21,0,0,0,23,20,10,4,11,0.0,60,9.22,2452.0,24775.0
,100-QPSK,150-8QAM,200-16QAM,200-QPSK,250-16QAM,300-8QAM,400-16QAM,400-64QAM,500-32QAM,500-64QAM,600-64QAM,B.P%,Distance,Network Occupancy%,cost_without regen,spectrum
0,0,0,21,0,0,0,23,20,10,4,11,0.0,60,9.22,2452.0,24775.0
