,100-QPSK,150-8QAM,200-16QAM,200-QPSK,250-16QAM,300-8QAM,400-16QAM,400-64QAM,500-32QAM,500-64QAM,600-64QAM,B.P%,Distance,Network Occupancy%,cost_without regen,spectrum
0,0,0,131,0,90,0,239,42,101,17,28,-0.33,90,64.92,61598.02,210775.0
,100-QPSK,150-8QAM,200-16QAM,200-QPSK,250-16QAM,300-8QAM,400-16QAM,400-64QAM,500-32QAM,500-64QAM,600-64QAM,B.P%,Distance,Network Occupancy%,cost_without regen,spectrum
0,0,0,131,0,90,0,239,42,101,17,28,-0.33,90,64.92,61086.68,210487.5
,100-QPSK,150-8QAM,200-16QAM,200-QPSK,250-16QAM,300-8QAM,400-16QAM,400-64QAM,500-32QAM,500-64QAM,600-64QAM,B.P%,Distance,Network Occupancy%,cost_without regen,spectrum
0,0,0,131,0,90,0,239,42,101,17,28,-0.33,90,64.92,61550.96,211737.5
,100-QPSK,150-8QAM,200-16QAM,200-QPSK,250-16QAM,300-8QAM,400-16QAM,400-64QAM,500-32QAM,500-64QAM,600-64QAM,B.P%,Distance,Network Occupancy%,cost_without regen,spectrum
0,15,0,113,12,104,118,178,43,43,18,27,42.4,90,68.51,3115438.3,151262.5
,100-QPSK,150-8QAM,200-16QAM,200-QPSK,250-16QAM,300-8QAM,400-16QAM,400-64QAM,500-32QAM,500-64QAM,600-64QAM,B.P%,Distance,Network Occupancy%,cost_without regen,spectrum
0,15,0,113,12,104,118,178,43,43,18,27,42.4,90,68.51,1211843.24,151262.5
,100-QPSK,150-8QAM,200-16QAM,200-QPSK,250-16QAM,300-8QAM,400-16QAM,400-64QAM,500-32QAM,500-64QAM,600-64QAM,B.P%,Distance,Network Occupancy%,cost_without regen,spectrum
0,15,0,113,12,104,118,178,43,43,18,27,42.4,90,68.51,1211843.24,151262.5
,100-QPSK,150-8QAM,200-16QAM,200-QPSK,250-16QAM,300-8QAM,400-16QAM,400-64QAM,500-32QAM,500-64QAM,600-64QAM,B.P%,Distance,Network Occupancy%,cost_without regen,spectrum
0,15,0,113,12,104,118,178,43,43,18,27,42.4,90,68.51,2423686.48,151262.5
,100-QPSK,150-8QAM,200-16QAM,200-QPSK,250-16QAM,300-8QAM,400-16QAM,400-64QAM,500-32QAM,500-64QAM,600-64QAM,B.P%,Distance,Network Occupancy%,cost_without regen,spectrum
0,15,0,113,12,104,118,178,43,43,18,27,42.4,90,68.51,3635529.72,151262.5
,100-QPSK,150-8QAM,200-16QAM,200-QPSK,250-16QAM,300-8QAM,400-16QAM,400-64QAM,500-32QAM,500-64QAM,600-64QAM,B.P%,Distance,Network Occupancy%,cost_without regen,spectrum
0,15,0,113,12,104,118,178,43,43,18,27,42.4,90,68.51,4847372.96,151262.5
,100-QPSK,150-8QAM,200-16QAM,200-QPSK,250-16QAM,300-8QAM,400-16QAM,400-64QAM,500-32QAM,500-64QAM,600-64QAM,B.P%,Distance,Network Occupancy%,cost_without regen,spectrum
0,15,0,113,12,104,118,178,43,43,18,27,42.4,90,68.51,1211843.24,151262.5
,100-QPSK,150-8QAM,200-16QAM,200-QPSK,250-16QAM,300-8QAM,400-16QAM,400-64QAM,500-32QAM,500-64QAM,600-64QAM,B.P%,Distance,Network Occupancy%,cost_without regen,spectrum
0,15,0,113,12,104,118,178,43,43,18,27,42.4,90,68.51,1211843.24,151262.5
,100-QPSK,150-8QAM,200-16QAM,200-QPSK,250-16QAM,300-8QAM,400-16QAM,400-64QAM,500-32QAM,500-64QAM,600-64QAM,B.P%,Distance,Network Occupancy%,cost_without regen,spectrum
0,0,0,35,0,0,0,24,6,11,10,7,0.0,60,10.39,2291.0,22950.0
