,100-QPSK,150-8QAM,200-16QAM,200-QPSK,250-16QAM,300-8QAM,400-16QAM,400-64QAM,500-32QAM,500-64QAM,600-64QAM,B.P%,Distance,Network Occupancy%,cost_without regen,spectrum
0,1,0,89,0,54,4,125,54,66,34,30,27.0,90,59.7,551484.94,68775.0
,100-QPSK,150-8QAM,200-16QAM,200-QPSK,250-16QAM,300-8QAM,400-16QAM,400-64QAM,500-32QAM,500-64QAM,600-64QAM,B.P%,Distance,Network Occupancy%,cost_without regen,spectrum
0,1,0,89,0,54,4,125,54,66,34,30,27.0,90,59.7,1763328.18,68775.0
,100-QPSK,150-8QAM,200-16QAM,200-QPSK,250-16QAM,300-8QAM,400-16QAM,400-64QAM,500-32QAM,500-64QAM,600-64QAM,B.P%,Distance,Network Occupancy%,cost_without regen,spectrum
0,1,0,89,0,54,4,125,54,66,34,30,27.0,90,59.7,2628416.98,68775.0
,100-QPSK,150-8QAM,200-16QAM,200-QPSK,250-16QAM,300-8QAM,400-16QAM,400-64QAM,500-32QAM,500-64QAM,600-64QAM,B.P%,Distance,Network Occupancy%,cost_without regen,spectrum
0,1,0,89,0,54,4,125,54,66,34,30,27.0,90,59.7,865088.8,68775.0
,100-QPSK,150-8QAM,200-16QAM,200-QPSK,250-16QAM,300-8QAM,400-16QAM,400-64QAM,500-32QAM,500-64QAM,600-64QAM,B.P%,Distance,Network Occupancy%,cost_without regen,spectrum
0,1,0,89,0,54,4,125,54,66,34,30,27.0,90,59.7,551484.94,68775.0
,100-QPSK,150-8QAM,200-16QAM,200-QPSK,250-16QAM,300-8QAM,400-16QAM,400-64QAM,500-32QAM,500-64QAM,600-64QAM,B.P%,Distance,Network Occupancy%,cost_without regen,spectrum
0,1,0,89,0,54,4,125,54,66,34,30,27.0,90,59.7,551484.94,68775.0
,100-QPSK,150-8QAM,200-16QAM,200-QPSK,250-16QAM,300-8QAM,400-16QAM,400-64QAM,500-32QAM,500-64QAM,600-64QAM,B.P%,Distance,Network Occupancy%,cost_without regen,spectrum
0,1,0,89,0,54,4,125,54,66,34,30,27.0,90,59.7,10435.6,68775.0
,100-QPSK,150-8QAM,200-16QAM,200-QPSK,250-16QAM,300-8QAM,400-16QAM,400-64QAM,500-32QAM,500-64QAM,600-64QAM,B.P%,Distance,Network Occupancy%,cost_without regen,spectrum
0,1,0,89,0,54,4,125,54,66,34,30,27.0,90,59.7,6786.94,68775.0
,100-QPSK,150-8QAM,200-16QAM,200-QPSK,250-16QAM,300-8QAM,400-16QAM,400-64QAM,500-32QAM,500-64QAM,600-64QAM,B.P%,Distance,Network Occupancy%,cost_without regen,spectrum
0,0,0,58,0,0,0,0,179,0,107,102,16.33,20,57.23,6696.0,65925.0
,100-QPSK,150-8QAM,200-16QAM,200-QPSK,250-16QAM,300-8QAM,400-16QAM,400-64QAM,500-32QAM,500-64QAM,600-64QAM,B.P%,Distance,Network Occupancy%,cost_without regen,spectrum
0,0,0,58,0,0,0,1,178,1,106,101,16.67,40,57.16,13381.7,65850.0
,100-QPSK,150-8QAM,200-16QAM,200-QPSK,250-16QAM,300-8QAM,400-16QAM,400-64QAM,500-32QAM,500-64QAM,600-64QAM,B.P%,Distance,Network Occupancy%,cost_without regen,spectrum
0,0,0,59,0,0,0,16,158,23,97,88,18.33,60,58.16,20136.5,67000.0
,100-QPSK,150-8QAM,200-16QAM,200-QPSK,250-16QAM,300-8QAM,400-16QAM,400-64QAM,500-32QAM,500-64QAM,600-64QAM,B.P%,Distance,Network Occupancy%,cost_without regen,spectrum
0,0,0,87,0,16,0,118,54,101,34,30,25.67,80,60.5,26995.66,69700.0
,100-QPSK,150-8QAM,200-16QAM,200-QPSK,250-16QAM,300-8QAM,400-16QAM,400-64QAM,500-32QAM,500-64QAM,600-64QAM,B.P%,Distance,Network Occupancy%,cost_without regen,spectrum
0,7,0,110,2,106,34,195,0,58,0,0,29.33,100,63.93,34192.92,73650.0
,100-QPSK,150-8QAM,200-16QAM,200-QPSK,250-16QAM,300-8QAM,400-16QAM,400-64QAM,500-32QAM,500-64QAM,600-64QAM,B.P%,Distance,Network Occupancy%,cost_without regen,spectrum
0,55,0,28,150,28,176,97,0,0,0,0,41.0,120,70.31,41922.1,81000.0
,100-QPSK,150-8QAM,200-16QAM,200-QPSK,250-16QAM,300-8QAM,400-16QAM,400-64QAM,500-32QAM,500-64QAM,600-64QAM,B.P%,Distance,Network Occupancy%,cost_without regen,spectrum
0,0,0,58,0,0,0,0,179,0,107,102,16.33,20,57.23,6696.0,65925.0
,100-QPSK,150-8QAM,200-16QAM,200-QPSK,250-16QAM,300-8QAM,400-16QAM,400-64QAM,500-32QAM,500-64QAM,600-64QAM,B.P%,Distance,Network Occupancy%,cost_without regen,spectrum
0,0,0,58,0,0,0,1,178,1,106,101,16.67,40,57.16,13381.7,65850.0
,100-QPSK,150-8QAM,200-16QAM,200-QPSK,250-16QAM,300-8QAM,400-16QAM,400-64QAM,500-32QAM,500-64QAM,600-64QAM,B.P%,Distance,Network Occupancy%,cost_without regen,spectrum
0,0,0,59,0,0,0,16,158,23,97,88,18.33,60,58.16,20136.5,67000.0
,100-QPSK,150-8QAM,200-16QAM,200-QPSK,250-16QAM,300-8QAM,400-16QAM,400-64QAM,500-32QAM,500-64QAM,600-64QAM,B.P%,Distance,Network Occupancy%,cost_without regen,spectrum
0,0,0,87,0,16,0,118,54,101,34,30,25.67,80,60.5,26995.66,69700.0
,100-QPSK,150-8QAM,200-16QAM,200-QPSK,250-16QAM,300-8QAM,400-16QAM,400-64QAM,500-32QAM,500-64QAM,600-64QAM,B.P%,Distance,Network Occupancy%,cost_without regen,spectrum
0,7,0,110,2,106,34,195,0,58,0,0,29.33,100,63.93,34192.92,73650.0
,100-QPSK,150-8QAM,200-16QAM,200-QPSK,250-16QAM,300-8QAM,400-16QAM,400-64QAM,500-32QAM,500-64QAM,600-64QAM,B.P%,Distance,Network Occupancy%,cost_without regen,spectrum
0,55,0,28,150,28,176,97,0,0,0,0,41.0,120,70.31,41922.1,81000.0
,100-QPSK,150-8QAM,200-16QAM,200-QPSK,250-16QAM,300-8QAM,400-16QAM,400-64QAM,500-32QAM,500-64QAM,600-64QAM,B.P%,Distance,Network Occupancy%,cost_without regen,spectrum
0,0,0,58,0,0,0,0,179,0,107,102,16.33,20,57.23,6696.0,65925.0
,100-QPSK,150-8QAM,200-16QAM,200-QPSK,250-16QAM,300-8QAM,400-16QAM,400-64QAM,500-32QAM,500-64QAM,600-64QAM,B.P%,Distance,Network Occupancy%,cost_without regen,spectrum
0,0,0,58,0,0,0,1,178,1,106,101,16.67,40,57.16,13381.7,65850.0
,100-QPSK,150-8QAM,200-16QAM,200-QPSK,250-16QAM,300-8QAM,400-16QAM,400-64QAM,500-32QAM,500-64QAM,600-64QAM,B.P%,Distance,Network Occupancy%,cost_without regen,spectrum
0,0,0,59,0,0,0,16,158,23,97,88,18.33,60,58.16,20136.5,67000.0
,100-QPSK,150-8QAM,200-16QAM,200-QPSK,250-16QAM,300-8QAM,400-16QAM,400-64QAM,500-32QAM,500-64QAM,600-64QAM,B.P%,Distance,Network Occupancy%,cost_without regen,spectrum
0,0,0,87,0,16,0,118,54,101,34,30,25.67,80,60.5,26995.66,69700.0
,100-QPSK,150-8QAM,200-16QAM,200-QPSK,250-16QAM,300-8QAM,400-16QAM,400-64QAM,500-32QAM,500-64QAM,600-64QAM,B.P%,Distance,Network Occupancy%,cost_without regen,spectrum
0,7,0,110,2,106,34,195,0,58,0,0,29.33,100,63.93,34192.92,73650.0
,100-QPSK,150-8QAM,200-16QAM,200-QPSK,250-16QAM,300-8QAM,400-16QAM,400-64QAM,500-32QAM,500-64QAM,600-64QAM,B.P%,Distance,Network Occupancy%,cost_without regen,spectrum
0,55,0,28,150,28,176,97,0,0,0,0,41.0,120,70.31,41922.1,81000.0
,100-QPSK,150-8QAM,200-16QAM,200-QPSK,250-16QAM,300-8QAM,400-16QAM,400-64QAM,500-32QAM,500-64QAM,600-64QAM,B.P%,Distance,Network Occupancy%,cost_without regen,spectrum
0,0,0,58,0,0,0,0,179,0,107,102,16.33,20,57.23,6696.0,65925.0
,100-QPSK,150-8QAM,200-16QAM,200-QPSK,250-16QAM,300-8QAM,400-16QAM,400-64QAM,500-32QAM,500-64QAM,600-64QAM,B.P%,Distance,Network Occupancy%,cost_without regen,spectrum
0,0,0,58,0,0,0,1,178,1,106,101,16.67,40,57.16,6685.7,65850.0
,100-QPSK,150-8QAM,200-16QAM,200-QPSK,250-16QAM,300-8QAM,400-16QAM,400-64QAM,500-32QAM,500-64QAM,600-64QAM,B.P%,Distance,Network Occupancy%,cost_without regen,spectrum
0,0,0,59,0,0,0,16,158,23,97,88,18.33,60,58.16,6754.8,67000.0
,100-QPSK,150-8QAM,200-16QAM,200-QPSK,250-16QAM,300-8QAM,400-16QAM,400-64QAM,500-32QAM,500-64QAM,600-64QAM,B.P%,Distance,Network Occupancy%,cost_without regen,spectrum
0,0,0,87,0,16,0,118,54,101,34,30,25.67,80,60.5,6859.16,69700.0
,100-QPSK,150-8QAM,200-16QAM,200-QPSK,250-16QAM,300-8QAM,400-16QAM,400-64QAM,500-32QAM,500-64QAM,600-64QAM,B.P%,Distance,Network Occupancy%,cost_without regen,spectrum
0,7,0,110,2,106,34,195,0,58,0,0,29.33,100,63.93,7197.26,73650.0
,100-QPSK,150-8QAM,200-16QAM,200-QPSK,250-16QAM,300-8QAM,400-16QAM,400-64QAM,500-32QAM,500-64QAM,600-64QAM,B.P%,Distance,Network Occupancy%,cost_without regen,spectrum
0,55,0,28,150,28,176,97,0,0,0,0,41.0,120,70.31,7729.18,81000.0
,100-QPSK,150-8QAM,200-16QAM,200-QPSK,250-16QAM,300-8QAM,400-16QAM,400-64QAM,500-32QAM,500-64QAM,600-64QAM,B.P%,Distance,Network Occupancy%,cost_without regen,spectrum
0,0,0,58,0,0,0,0,179,0,107,102,16.33,20,57.23,6696.0,65925.0
,100-QPSK,150-8QAM,200-16QAM,200-QPSK,250-16QAM,300-8QAM,400-16QAM,400-64QAM,500-32QAM,500-64QAM,600-64QAM,B.P%,Distance,Network Occupancy%,cost_without regen,spectrum
0,0,0,58,0,0,0,1,178,1,106,101,16.67,40,57.16,6685.7,65850.0
,100-QPSK,150-8QAM,200-16QAM,200-QPSK,250-16QAM,300-8QAM,400-16QAM,400-64QAM,500-32QAM,500-64QAM,600-64QAM,B.P%,Distance,Network Occupancy%,cost_without regen,spectrum
0,0,0,59,0,0,0,16,158,23,97,88,18.33,60,58.16,6754.8,67000.0
,100-QPSK,150-8QAM,200-16QAM,200-QPSK,250-16QAM,300-8QAM,400-16QAM,400-64QAM,500-32QAM,500-64QAM,600-64QAM,B.P%,Distance,Network Occupancy%,cost_without regen,spectrum
0,0,0,87,0,16,0,118,54,101,34,30,25.67,80,60.5,6859.16,69700.0
,100-QPSK,150-8QAM,200-16QAM,200-QPSK,250-16QAM,300-8QAM,400-16QAM,400-64QAM,500-32QAM,500-64QAM,600-64QAM,B.P%,Distance,Network Occupancy%,cost_without regen,spectrum
0,7,0,110,2,106,34,195,0,58,0,0,29.33,100,63.93,7197.26,73650.0
,100-QPSK,150-8QAM,200-16QAM,200-QPSK,250-16QAM,300-8QAM,400-16QAM,400-64QAM,500-32QAM,500-64QAM,600-64QAM,B.P%,Distance,Network Occupancy%,cost_without regen,spectrum
0,55,0,28,150,28,176,97,0,0,0,0,41.0,120,70.31,7729.18,81000.0
,100-QPSK,150-8QAM,200-16QAM,200-QPSK,250-16QAM,300-8QAM,400-16QAM,400-64QAM,500-32QAM,500-64QAM,600-64QAM,B.P%,Distance,Network Occupancy%,cost_without regen,spectrum
0,0,0,58,0,0,0,0,179,0,107,102,16.33,20,57.23,6696.0,65925.0
,100-QPSK,150-8QAM,200-16QAM,200-QPSK,250-16QAM,300-8QAM,400-16QAM,400-64QAM,500-32QAM,500-64QAM,600-64QAM,B.P%,Distance,Network Occupancy%,cost_without regen,spectrum
0,0,0,58,0,0,0,1,178,1,106,101,16.67,40,57.16,6685.7,65850.0
,100-QPSK,150-8QAM,200-16QAM,200-QPSK,250-16QAM,300-8QAM,400-16QAM,400-64QAM,500-32QAM,500-64QAM,600-64QAM,B.P%,Distance,Network Occupancy%,cost_without regen,spectrum
0,0,0,59,0,0,0,16,158,23,97,88,18.33,60,58.16,6754.8,67000.0
,100-QPSK,150-8QAM,200-16QAM,200-QPSK,250-16QAM,300-8QAM,400-16QAM,400-64QAM,500-32QAM,500-64QAM,600-64QAM,B.P%,Distance,Network Occupancy%,cost_without regen,spectrum
0,0,0,87,0,16,0,118,54,101,34,30,25.67,80,60.5,6859.16,69700.0
,100-QPSK,150-8QAM,200-16QAM,200-QPSK,250-16QAM,300-8QAM,400-16QAM,400-64QAM,500-32QAM,500-64QAM,600-64QAM,B.P%,Distance,Network Occupancy%,cost_without regen,spectrum
0,7,0,110,2,106,34,195,0,58,0,0,29.33,100,63.93,7197.26,73650.0
,100-QPSK,150-8QAM,200-16QAM,200-QPSK,250-16QAM,300-8QAM,400-16QAM,400-64QAM,500-32QAM,500-64QAM,600-64QAM,B.P%,Distance,Network Occupancy%,cost_without regen,spectrum
0,55,0,28,150,28,176,97,0,0,0,0,41.0,120,70.31,7729.18,81000.0
,100-QPSK,150-8QAM,200-16QAM,200-QPSK,250-16QAM,300-8QAM,400-16QAM,400-64QAM,500-32QAM,500-64QAM,600-64QAM,B.P%,Distance,Network Occupancy%,cost_without regen,spectrum
0,0,0,58,0,0,0,0,179,0,107,102,16.33,20,57.23,528822.0,65925.0
,100-QPSK,150-8QAM,200-16QAM,200-QPSK,250-16QAM,300-8QAM,400-16QAM,400-64QAM,500-32QAM,500-64QAM,600-64QAM,B.P%,Distance,Network Occupancy%,cost_without regen,spectrum
0,0,0,25,0,0,0,10,20,3,18,12,0.0,60,14.01,1769.2,16137.5
,100-QPSK,150-8QAM,200-16QAM,200-QPSK,250-16QAM,300-8QAM,400-16QAM,400-64QAM,500-32QAM,500-64QAM,600-64QAM,B.P%,Distance,Network Occupancy%,cost_without regen,spectrum
0,0,0,25,0,0,0,10,20,3,18,12,0.0,60,14.01,1769.2,16137.5
